vinted_id,title,price,currency,brand,size,category,url,image_url
8699229244,,0.0,EUR,,,woman/shoes,https://www.vinted.it/items/8699229244-sneaker-militare-donna?referrer=catalog,https://images1.vinted.net/t/01_01224_wypCsKDAvcKy6e1qL5i6hc9x/310x430/1776625935.webp?s=0da9499b8816a2e4e99b6503094fc31c29ccee67
8698514426,,0.0,EUR,,,woman/shoes,https://www.vinted.it/items/8698514426-scarpe-nike-air-force-1-donna-39?referrer=catalog,https://images1.vinted.net/t/06_0067f_qAYiQ6m5PTq9F7qDbQA97BmF/310x430/1776622260.webp?s=115eba37e2c09e9ec725fd129792396ced9811af
8699096712,,0.0,EUR,,,woman/shoes,https://www.vinted.it/items/8699096712-chaussures?referrer=catalog,https://images1.vinted.net/t/01_01109_NHGHZm7bgfRWJ4fGZpUgoB7A/310x430/1776625191.webp?s=dad6bee688b4de3539f8b8be488234c3229993e6
8698353769,,0.0,EUR,,,woman/shoes,https://www.vinted.it/items/8698353769-decolte-tacco-a-spillo-cipria-rosa-sfumato-38?referrer=catalog,https://images1.vinted.net/t/06_00e89_fuLkRiCwRNMZQ4urXfo66RyG/310x430/1776621506.webp?s=d056fab0ef4ce664c8e837b68bbdece58642f686
8698275657,,0.0,EUR,,,woman/shoes,https://www.vinted.it/items/8698275657-ciabatte-donna-robe-di-kappa-39?referrer=catalog,https://images1.vinted.net/t/06_00132_adb7XMNsFkrpMPZWweXsaN13/310x430/1776621153.webp?s=64e780c92524ede6e3cc8d39786e4fa456bce0a4
8699108955,,0.0,EUR,,,woman/shoes,https://www.vinted.it/items/8699108955-puma?referrer=catalog,https://images1.vinted.net/t/05_000a0_1PKcSruUhGut7Viq5P8PHh4e/310x430/1776625257.webp?s=a19d1172f5934542458fe96cfb0d610f6bfda4cf
8698847765,,0.0,EUR,,,woman/shoes,https://www.vinted.it/items/8698847765-scarpe-basse-stile-converse?referrer=catalog,https://images1.vinted.net/t/06_01b7c_jTEwa63ccDcFsYe8wXSFm4nm/310x430/1776623884.webp?s=b4eecc54a798d222fb71f7d10278e0b365ce6c98
8698815743,,0.0,EUR,,,woman/shoes,https://www.vinted.it/items/8698815743-sandalia-plataforma-esparto?referrer=catalog,https://images1.vinted.net/t/05_010f5_R2gbahqniY65GGYwdhRUUKTD/310x430/1776623723.webp?s=7cba85eb40d121a9d4c0dc9c442d7c6aeee505c4
212054164,,0.0,EUR,,,woman/shoes,https://www.vinted.it/member/212054164,https://images1.vinted.net/t/02_018ed_Ne9mU2PXoKHfZp7MoMegzEsp/50x50/1718554969.webp?s=ebbd73d8c56a6c37ff330a9548449b0cb019d3cc
8697270890,,0.0,EUR,,,woman/shoes,https://www.vinted.it/items/8697270890-santiags-beiges-en-daim-pointure-40?referrer=catalog,https://images1.vinted.net/t/01_00c72_PtkUw8bwPGnHXwuqafLpMTGs/310x430/1776616949.webp?s=0353b5160aa263d279f6a25a044dcae1fae5e316
8696115708,,0.0,EUR,,,woman/shoes,https://www.vinted.it/items/8696115708-mules-guess-pointure-38?referrer=catalog,https://images1.vinted.net/t/06_01fc5_MCZaG14RJf65WCP1eq1oZhbV/310x430/1776612571.webp?s=218cdc80fbe8e5a9bc0f34e314880ae478507fd3
8699240679,,0.0,EUR,,,woman/shoes,https://www.vinted.it/items/8699240679-nike-air-zapatillas?referrer=catalog,https://images1.vinted.net/t/05_0051c_jAYZXYwxstPd5RFNVH3nshzT/310x430/1776626000.webp?s=78a65b5ec7b1e0634591bd49a3d1f8d4cab2e9ac
8698399982,,0.0,EUR,,,woman/shoes,https://www.vinted.it/items/8698399982-converse-chuck-taylor-all-star-lift-platform?referrer=catalog,https://images1.vinted.net/t/05_0067b_16WA4PUDqANQae3Vfr7o5MVc/310x430/1776621721.webp?s=332e742e67363a744c9c73c0ec77e3651709a3aa
8698226427,,0.0,EUR,,,woman/shoes,https://www.vinted.it/items/8698226427-converse-all-star-bianche?referrer=catalog,https://images1.vinted.net/t/05_01f4e_6tchPBkKkKw7WenPaaC3H5t5/310x430/1776620931.webp?s=945db86a352e1a1761dbcda22db92ec0fa667447
8698708605,,0.0,EUR,,,woman/shoes,https://www.vinted.it/items/8698708605-convers-blancas-de-cuero?referrer=catalog,https://images1.vinted.net/t/06_021fd_BJmNCnhLSNQWYvHvtr16jo83/310x430/1776623194.webp?s=453026c4c4c55ce0208909e6d2272417a4a03dc9
8699034949,,0.0,EUR,,,woman/shoes,https://www.vinted.it/items/8699034949-scarpe-skechers?referrer=catalog,https://images1.vinted.net/t/06_017d3_Qci7NjdUR2jmqxN9mHWgZPML/310x430/1776624855.webp?s=9f04767b12c27860528dfb33d95d0491288d802a
8697590925,,0.0,EUR,,,woman/shoes,https://www.vinted.it/items/8697590925-scarpe-puma-suede-xl-grape-mistwarm-white?referrer=catalog,https://images1.vinted.net/t/06_00c73_Tbg8671MJCULLU7EEqrnVeE9/310x430/1776618212.webp?s=e46656cf2d04fc94b0497d87cbd11c3bc4f29e92
8698916683,,0.0,EUR,,,woman/shoes,https://www.vinted.it/items/8698916683-bellissima-scarpa-vans-come-nuova?referrer=catalog,https://images1.vinted.net/t/06_00f3e_cjwMa5KVrwnzFspyV6517zU3/310x430/1776624238.webp?s=c429a0b11929ae672d784c22a78de73133729df8
8698613584,,0.0,EUR,,,woman/shoes,https://www.vinted.it/items/8698613584-adidas-campus-00s-nere-taglia-38?referrer=catalog,https://images1.vinted.net/t/01_019bd_qMnSFbxhZmyA8utkMZXnBVwF/310x430/1776624554.webp?s=25e9647d2dca92d7a6c2b800c83c4d2ed8eb27a4
8696439795,,0.0,EUR,,,woman/shoes,https://www.vinted.it/items/8696439795-converse?referrer=catalog,https://images1.vinted.net/t/06_01892_izDFvChXKBhe3sk1DC17VnPs/310x430/1776613787.webp?s=96c759bf954d684b8c3deaa1b9a9f9bcd32ae66d
8697269247,,0.0,EUR,,,woman/shoes,https://www.vinted.it/items/8697269247-vans-taglia-39?referrer=catalog,https://images1.vinted.net/t/05_00953_8R8dyecwEmA69jdrRrKHbXD7/310x430/1776616943.webp?s=9fb8aa79eb0d9d0620527741895c0bf3767a9348
8699196319,,0.0,EUR,,,woman/shoes,https://www.vinted.it/items/8699196319-ballerine-pullbear-borchiate-effetto-pois?referrer=catalog,https://images1.vinted.net/t/06_00697_ydFfBrVRbNPiP3N4sXAHruPP/310x430/1776625747.webp?s=8451f2e7f8cf8047d88ec73e5e1ead74b6398e20
8697527058,,0.0,EUR,,,woman/shoes,https://www.vinted.it/items/8697527058-scarpa-sportiva-puma?referrer=catalog,https://images1.vinted.net/t/05_0147d_ReXrhfXxdLqGo9R4MV7vtaht/310x430/1776617955.webp?s=825be4789c6c4342324c37f27c7d50202523282a
8699196626,,0.0,EUR,,,woman/shoes,https://www.vinted.it/items/8699196626-adidas-spezial-38?referrer=catalog,https://images1.vinted.net/t/06_01541_UtAZNmfM6S7Mfh9h783NDAS9/310x430/1776625749.webp?s=39bf334cff398a5eba5f79848cb7fccdcac67c05
8698815213,,0.0,EUR,,,woman/shoes,https://www.vinted.it/items/8698815213-vans-sneakers-maat-43?referrer=catalog,https://images1.vinted.net/t/06_00407_yVgtGwu8iGXrsUrAW9FABF2o/310x430/1776623720.webp?s=486edd5878b7bcfc32ef641b4ad42dfc6cad2e9d
8696539370,,0.0,EUR,,,woman/shoes,https://www.vinted.it/items/8696539370-scarpe-reebok-court-advance-kids?referrer=catalog,https://images1.vinted.net/t/01_01212_dRGTrBfJfLz9tPsT8JGLKGhZ/310x430/1776614157.webp?s=98aadccf43a62851472091b71f830a40598bd10b
8696153447,,0.0,EUR,,,woman/shoes,https://www.vinted.it/items/8696153447-scarpe-skechers-go-walk?referrer=catalog,https://images1.vinted.net/t/05_01458_Txdr4m1r9epPMa2SRS5dRypT/310x430/1776612714.webp?s=b5e5ae7aa503aee43a13fb8eda6cb1f22540467b
8697307450,,0.0,EUR,,,woman/shoes,https://www.vinted.it/items/8697307450-sandales-noir?referrer=catalog,https://images1.vinted.net/t/03_00e06_JnNMqgYynhvNPAoz9oWTTpyD/310x430/1776617090.webp?s=c11b136214dd09325e494cd02e0f63b125d5a1fa
8697519906,,0.0,EUR,,,woman/shoes,https://www.vinted.it/items/8697519906-converse-all-stars-da-donna?referrer=catalog,https://images1.vinted.net/t/04_00eed_VuEkTDXamogHykqbPRDECWGF/310x430/1776617926.webp?s=2752a77d0d2b2142713ead290170918e725e0714
8698321985,,0.0,EUR,,,woman/shoes,https://www.vinted.it/items/8698321985-scarpe-tacco-elegante?referrer=catalog,https://images1.vinted.net/t/05_00767_NFMyUPw4DUc3dsYZ5mDAPsT7/310x430/1776621363.webp?s=17c9347553a7b0ee1922fa78bf47506c64da4c69
8698275793,,0.0,EUR,,,woman/shoes,https://www.vinted.it/items/8698275793-sandali-donna?referrer=catalog,https://images1.vinted.net/t/05_02362_qM2q86o5j3thHL6atdEmmiCa/310x430/1776621154.webp?s=f18b222193f3b44ac64e7fcd461d768c8e1c38b8
8697214771,,0.0,EUR,,,woman/shoes,https://www.vinted.it/items/8697214771-scarpe-nike?referrer=catalog,https://images1.vinted.net/t/05_007b9_annu8D73EJbXfPXjzrKPcg7C/310x430/1776616734.webp?s=68e7bbbaee99fe5e08f1188d4a07d01409cef46a
8697556089,,0.0,EUR,,,woman/shoes,https://www.vinted.it/items/8697556089-sneakers-nike?referrer=catalog,https://images1.vinted.net/t/01_013e3_E7NhCSnasfyfKNnuFw6JXemK/310x430/1776618072.webp?s=01ad4902c4e01a978a975804c6ceeaa52ea81b1a
13316793,,0.0,EUR,,,woman/shoes,https://www.vinted.it/member/13316793,https://images1.vinted.net/t/02_022a3_gMBc6axTpg8ZgBqbiZBKQC9C/50x50/1605218722.webp?s=3243cb6cb9944e83d7d5dc645f8ef9a64dfb8ef3
8696954198,,0.0,EUR,,,woman/shoes,https://www.vinted.it/items/8696954198-scarpe-fila?referrer=catalog,https://images1.vinted.net/t/01_02624_eyywH1ZeMkNncsyf2DxnpXPH/310x430/1776624344.webp?s=12d24ec065f9162b42e24e13ad56d68930f63946
8698359956,,0.0,EUR,,,woman/shoes,https://www.vinted.it/items/8698359956-scarpe-comode?referrer=catalog,https://images1.vinted.net/t/05_00ccf_UUCrn36Pt5u83GqPqgkDXXcp/310x430/1776621535.webp?s=3719b72aa80fdcce628e128f557fafc30abd8d6b
8698360235,,0.0,EUR,,,woman/shoes,https://www.vinted.it/items/8698360235-puma-schuhe-fur-damen-neu?referrer=catalog,https://images1.vinted.net/t/05_016ff_NgesZMJoHFZ1eQFC1JkEw7RS/310x430/1776621537.webp?s=462e6eb1a118d1d193e305fcef1de8f64f30f9b7
8697760009,,0.0,EUR,,,woman/shoes,https://www.vinted.it/items/8697760009-converse-nere?referrer=catalog,https://images1.vinted.net/t/05_01a83_3V2pi4BmKyyGpyHsSNR5t8Ai/310x430/1776618909.webp?s=6c96556e8111c4ebd2bfd4d79cf1160f8109eef6
8696640902,,0.0,EUR,,,woman/shoes,https://www.vinted.it/items/8696640902-sneaker?referrer=catalog,https://images1.vinted.net/t/01_00446_S9yULVoD9zop9WHDznh1vu4Z/310x430/1776614537.webp?s=da5155ad52d25cb1ba6aa22a7e0df1c6ab782cb1
8696590326,,0.0,EUR,,,woman/shoes,https://www.vinted.it/items/8696590326-decollete-aldo-tg-40?referrer=catalog,https://images1.vinted.net/t/06_00eef_MgPYugmzbuCdXmnaeuxUyPtC/310x430/1776614346.webp?s=0f9ba60527740593718b87292456f1d3a8f69b41
8697850425,,0.0,EUR,,,woman/shoes,https://www.vinted.it/items/8697850425-remonte-sneaker-38?referrer=catalog,https://images1.vinted.net/t/04_012b8_oQdRQGY3pdXJ9b6uLbjfrVUo/310x430/1776619289.webp?s=a8ec233f28287e6956275ffad24f7e55039e310a
8697556110,,0.0,EUR,,,woman/shoes,https://www.vinted.it/items/8697556110-baskets-souples?referrer=catalog,https://images1.vinted.net/t/05_00d46_VEZYr3ict6w3ZzTEpK2Z7JAp/310x430/1776618072.webp?s=513fd2a83720f634b948a1655a0b3224ed86f271
8698049501,,0.0,EUR,,,woman/shoes,https://www.vinted.it/items/8698049501-scarpe-da-passeggio-n-38?referrer=catalog,https://images1.vinted.net/t/06_00874_Ru1SSqqYqw8u7V1VNegKnwyn/310x430/1776620149.webp?s=26ccc72e7fb284579fe610f5202e31ecb454543c
8698325186,,0.0,EUR,,,woman/shoes,https://www.vinted.it/items/8698325186-superga?referrer=catalog,https://images1.vinted.net/t/03_0011f_sS1aQVjfB68t9wko2Erde9Va/310x430/1776621378.webp?s=919d35103e3d374a6b5ab9f6bfe8d41cd6ddc4a1
8696482047,,0.0,EUR,,,woman/shoes,https://www.vinted.it/items/8696482047-mary-jane-a-talon?referrer=catalog,https://images1.vinted.net/t/06_01e30_i4ovDnRMm2RxwSRE53bzCgh9/310x430/1776613945.webp?s=a0eac79be9609d23a373168a5db2a299301e7c74
8696577266,,0.0,EUR,,,woman/shoes,https://www.vinted.it/items/8696577266-ginniche-tela-leggera-superga?referrer=catalog,https://images1.vinted.net/t/05_02651_mhdhK9izw8wYixLDrahwt1pR/310x430/1776614297.webp?s=65354d3a68d08ce3cedb2ff12bc7eb836744faed
8698436777,,0.0,EUR,,,woman/shoes,https://www.vinted.it/items/8698436777-zapatos-plataforma?referrer=catalog,https://images1.vinted.net/t/06_0118a_7Mua9isRgGKuTd4D7cc7snRi/310x430/1776621893.webp?s=5533dd2b0d12cd9b4e2690a81ce8a6372c80a414
8696345491,,0.0,EUR,,,woman/shoes,https://www.vinted.it/items/8696345491-wales-bonner-x-adidas-samba-black-pony-ie0580?referrer=catalog,https://images1.vinted.net/t/06_0111b_LReSQ4GwfeCp6M7A9qftG6ns/310x430/1776613434.webp?s=8f4fbad11a4098493c785968e8aff43e4394b64b
8696478675,,0.0,EUR,,,woman/shoes,https://www.vinted.it/items/8696478675-sneakers-nike?referrer=catalog,https://images1.vinted.net/t/06_00a59_pYHxYmKziCQmEVE8MyzcaHhQ/310x430/1776613932.webp?s=004d3aaf50e46c2ee5676a05a70a3a11a0e0dcef
8699037536,,0.0,EUR,,,woman/shoes,https://www.vinted.it/items/8699037536-lacets?referrer=catalog,https://images1.vinted.net/t/06_024ed_GQZzBY4HQRvfu4CarKPLuhqS/310x430/1776624869.webp?s=e5d82f0cefea3e041059702043b48a5a57536917
8699026567,,0.0,EUR,,,woman/shoes,https://www.vinted.it/items/8699026567-saucony-jazz-misura-36?referrer=catalog,https://images1.vinted.net/t/05_00240_EqLgX3xpM6ZupK45Ebjpot1b/310x430/1776624810.webp?s=d2ff9605f16110ef6d06232cee2605d6f5179cc6
8698745626,,0.0,EUR,,,woman/shoes,https://www.vinted.it/items/8698745626-sneakers?referrer=catalog,https://images1.vinted.net/t/04_02446_7VCoFLUW5knKh6AVHU9Dqm6c/310x430/1776623376.webp?s=589ef3089deed3b15bc348a2fdfba07c4d9ec350
8698116786,,0.0,EUR,,,woman/shoes,https://www.vinted.it/items/8698116786-stringate-fior-di-pelle?referrer=catalog,https://images1.vinted.net/t/05_025b9_doEC8grs4HiA6Uj7x1GqBLxk/310x430/1776620444.webp?s=26e6568d6288d9f9d9ec778214cb7a549f4696e2
8699230360,,0.0,EUR,,,woman/shoes,https://www.vinted.it/items/8699230360-tennis-dentelles-39?referrer=catalog,https://images1.vinted.net/t/06_012d5_iLTmiCfHiQ4Tb6Y1oX9MF8ws/310x430/1776625941.webp?s=e1f1fbc610b92a07546f1eae6e2d4064c9470c0c
8697457832,,0.0,EUR,,,woman/shoes,https://www.vinted.it/items/8697457832-adidas-donna?referrer=catalog,https://images1.vinted.net/t/05_0016f_BSbxCEEGRfF3f54btHwSW4vj/310x430/1776617678.webp?s=eb9e0607431b881f6ee333b0de78c5d65a631427
8698225756,,0.0,EUR,,,woman/shoes,https://www.vinted.it/items/8698225756-air-force-bianche?referrer=catalog,https://images1.vinted.net/t/05_020e7_EYAUEZFbwzJ9NLZ5Za3vWPZR/310x430/1776620928.webp?s=eff1b95db7c3445298d27cc25afe3019931d2a56
8698711107,,0.0,EUR,,,woman/shoes,https://www.vinted.it/items/8698711107-zapatillas-new-balance-740?referrer=catalog,https://images1.vinted.net/t/06_01a09_aeL3bPwAQY6wtQd7TUQ9BP8x/310x430/1776623207.webp?s=cc757bbf3a3b402e6a880f4ed37863a72ec56c71
8695906063,,0.0,EUR,,,woman/shoes,https://www.vinted.it/items/8695906063-scarpe-di-tela?referrer=catalog,https://images1.vinted.net/t/01_01811_SiGUwkATkSKYCmpZfuxUXZnw/310x430/1776611780.webp?s=ce3a76129798bec006db0a6677f5e8f535316ed7
59617116,,0.0,EUR,,,woman/shoes,https://www.vinted.it/member/59617116,https://images1.vinted.net/t/01_018ca_UAepD2KGoXxn7nP7QqkVVvfV/50x50/1705703850.webp?s=fd56881d5e98b2593ebcc331a1ab1c76354522ce
8696098388,,0.0,EUR,,,woman/shoes,https://www.vinted.it/items/8696098388-mocassini-neri?referrer=catalog,https://images1.vinted.net/t/05_01086_JAqZFDxhuuxYZvebRQkhdGfg/310x430/1776612506.webp?s=9b9766ea0ddd0606b462901ef249a4c4126793de
8667204233,,0.0,EUR,,,woman/shoes,https://www.vinted.it/items/8667204233-zuecos-piel?referrer=catalog,https://images1.vinted.net/t/03_024aa_JP6mJ6UNRFSvkxqjLZJuMckE/310x430/1776339104.webp?s=873682d8944ac2bcb5410d08c5697933e3e0450c
8696277341,,0.0,EUR,,,woman/shoes,https://www.vinted.it/items/8696277341-mustang-blanche?referrer=catalog,https://images1.vinted.net/t/06_01193_WgAZsUpXYMH72uZiPpqXMUeK/310x430/1776613181.webp?s=92efa17c28a7967524c2f1013ab999bcd3874153
8697412800,,0.0,EUR,,,woman/shoes,https://www.vinted.it/items/8697412800-chaussures-a-talon-pierre-chupin-36?referrer=catalog,https://images1.vinted.net/t/05_002f5_fUx5WVRmpFsuFRzZV696YBXn/310x430/1776617501.webp?s=ba38d6115de24cd9c9ac9348d952decb4a9dd5a5
8695521538,,0.0,EUR,,,woman/shoes,https://www.vinted.it/items/8695521538-basket-compensee-plateforme?referrer=catalog,https://images1.vinted.net/t/01_01f74_FtcJgpZuJgTaCw9ucCZ4Pdrh/310x430/1776610317.webp?s=07fc4b039290b63456c28ecadf0a2a153f437e9d
8696044300,,0.0,EUR,,,woman/shoes,https://www.vinted.it/items/8696044300-camperos?referrer=catalog,https://images1.vinted.net/t/05_00f57_zUx9R3KwMcmXjdRF9H1AHbXs/310x430/1776612302.webp?s=edcf56605d2846d56d37ff1049d3727f21501b86
8697482449,,0.0,EUR,,,woman/shoes,https://www.vinted.it/items/8697482449-zapatillas-converse?referrer=catalog,https://images1.vinted.net/t/06_01025_AsvtukKRr1e7W18p5hsZGusT/310x430/1776617777.webp?s=d234e85d6cb159293cbed7eab88b4488fcd23eb2
8697657049,,0.0,EUR,,,woman/shoes,https://www.vinted.it/items/8697657049-scarpa-da-ginnastica-donna?referrer=catalog,https://images1.vinted.net/t/05_02515_QU39WuVVkxVcJaF4ACkJp1y4/310x430/1776618483.webp?s=07fa5435e5e99f28e352498192ed8781cf5bfc50
8698395267,,0.0,EUR,,,woman/shoes,https://www.vinted.it/items/8698395267-scarpe-da-ginnastica-donna-nike-taglia-365?referrer=catalog,https://images1.vinted.net/t/03_016bc_zMNm3jWJATe8Pnf4kTqFtRb8/310x430/1776621699.webp?s=753251bf28fd8d7038e1f6241bd809e134dcb400
8698859058,,0.0,EUR,,,woman/shoes,https://www.vinted.it/items/8698859058-adidas-gazelle-rose?referrer=catalog,https://images1.vinted.net/t/06_0176c_zg7tnQj7HjdNRJ4RuguYaprV/310x430/1776623941.webp?s=9325256ca4e8f6afa7fc5f975976fa669867142a
8696070451,,0.0,EUR,,,woman/shoes,https://www.vinted.it/items/8696070451-converse-all-star-basse?referrer=catalog,https://images1.vinted.net/t/05_01ddd_2GVUWB6LToUnnBXDV633CzS4/310x430/1776612400.webp?s=351825e8e92ed902967b99b5d094b3dad3bfbc60
8696663026,,0.0,EUR,,,woman/shoes,https://www.vinted.it/items/8696663026-new-balance-574-blu-bianche-e-rosa-da-donna-38?referrer=catalog,https://images1.vinted.net/t/01_005ad_iBgb9rJBssekorbvLFtdAcKd/310x430/1776614620.webp?s=59523d48b22547934fecef92064496c2d663c942
8696382330,,0.0,EUR,,,woman/shoes,https://www.vinted.it/items/8696382330-zoccoli-donna-jeans?referrer=catalog,https://images1.vinted.net/t/05_00275_c6ZAQ3WLuGpQFFq4KSFzMZgE/310x430/1776613571.webp?s=1a832457f2ac46acea3e23b7e4a635a7b104ae3a
8697784836,,0.0,EUR,,,woman/shoes,https://www.vinted.it/items/8697784836-jordan-4?referrer=catalog,https://images1.vinted.net/t/01_0016c_chbhsakpQonvqC1bRY3qPBvG/310x430/1776619012.webp?s=147378d082ea455896a9dcebcf881284ff48f1eb
8698366575,,0.0,EUR,,,woman/shoes,https://www.vinted.it/items/8698366575-zapatillas-converse?referrer=catalog,https://images1.vinted.net/t/04_00f7f_rSdqySHuEv6e3HBVhfx8ac2e/310x430/1776621566.webp?s=be0f2f36437d1e660604d0a77e6df2d57989dbaf
8696909859,,0.0,EUR,,,woman/shoes,https://www.vinted.it/items/8696909859-escarpins-noirs?referrer=catalog,https://images1.vinted.net/t/05_00302_WvJA5qVw1vjwuZ53j3xSuG5Z/310x430/1776615560.webp?s=533784c2dc29387fdca72f3bc88f800d4fcb7007
8696448853,,0.0,EUR,,,woman/shoes,https://www.vinted.it/items/8696448853-adidas-gazelle-taille-39-marron-neuve?referrer=catalog,https://images1.vinted.net/t/05_01fce_jwvPbhJuTcsFaZ4saUMtZZGL/310x430/1776613821.webp?s=9e0ecb4de8143d74b49f1032c6035fcb66ec782f
8696620686,,0.0,EUR,,,woman/shoes,https://www.vinted.it/items/8696620686-basket-nike?referrer=catalog,https://images1.vinted.net/t/06_01948_HJRSm8tenWeWnAQsAp5k1kH8/310x430/1776614461.webp?s=9b064cf8df3f6654ec3ec671c75bba5114c4066a
8696431418,,0.0,EUR,,,woman/shoes,https://www.vinted.it/items/8696431418-stivaletto-ragazza?referrer=catalog,https://images1.vinted.net/t/04_004ad_S7whFC1wCBnFHF9kcmYRsfSe/310x430/1776613756.webp?s=6912275777e3d8d0c10f9c6987a2a7baba2cebd6
8696341217,,0.0,EUR,,,woman/shoes,https://www.vinted.it/items/8696341217-scarpe-da-ginnastica?referrer=catalog,https://images1.vinted.net/t/03_0075f_wpqgewv5wrhrTwTyWiunqSQ2/310x430/1776615971.webp?s=fc83e70b8d6af97c5afac8cce4f0cbb46df67c57
8696319692,,0.0,EUR,,,woman/shoes,https://www.vinted.it/items/8696319692-samba-adidas-noire?referrer=catalog,https://images1.vinted.net/t/06_01cec_SQfkDNpu2mtegGMVZdK4bnE4/310x430/1776613339.webp?s=5fc439e573576a8bd62df451a61d40f5b53fb359
8697204946,,0.0,EUR,,,woman/shoes,https://www.vinted.it/items/8697204946-ciabatta-nera-con-dettagli?referrer=catalog,https://images1.vinted.net/t/06_0094c_m1srWdD1zge5Uirua5G3j1sL/310x430/1776616696.webp?s=a794f664c391a65d69ad8188151b74b88a547bd7
8697279635,,0.0,EUR,,,woman/shoes,https://www.vinted.it/items/8697279635-converse-edizione-limitata-con-rose?referrer=catalog,https://images1.vinted.net/t/03_020bf_Vp1SVpjp12PiEGBVV4P1qrLx/310x430/1776616983.webp?s=a71adfff618ec4737ee7d653250e4bdeb51b6d55
8698730161,,0.0,EUR,,,woman/shoes,https://www.vinted.it/items/8698730161-new-balance-515?referrer=catalog,https://images1.vinted.net/t/06_01f61_yKdYrfb6FuD14nycpPYWe5G5/310x430/1776623300.webp?s=bdda752632340cf8b54daf7173b5592bf15e212d
251013461,,0.0,EUR,,,woman/shoes,https://www.vinted.it/member/251013461,https://images1.vinted.net/t/02_012b6_Mxoie8FoFe2QXdC6PiqV3MBj/50x50/1736886077.webp?s=0a17643840fe160e30167a1fc0da10ace400702d
8698165132,,0.0,EUR,,,woman/shoes,https://www.vinted.it/items/8698165132-scarpe-sportive-nike-air-max-90?referrer=catalog,https://images1.vinted.net/t/01_0129f_AJMK5t6fGaMgR74FoK4t8dJE/310x430/1776620657.webp?s=b1de72d3e3132338da8fee2d23b5072717de1366
8697533575,,0.0,EUR,,,woman/shoes,https://www.vinted.it/items/8697533575-adidas-campus?referrer=catalog,https://images1.vinted.net/t/06_0088f_zWDQm5uZ3QcQdeQFrPMmP7Uz/310x430/1776617981.webp?s=114afd3bc2b539dbfe531d477334a7237d8e6752
8696767055,,0.0,EUR,,,woman/shoes,https://www.vinted.it/items/8696767055-adidas-gazelle-verdi-e-arancione?referrer=catalog,https://images1.vinted.net/t/05_003e1_CTUBZWKWGfGkQBsk1pEyS8JE/310x430/1776615015.webp?s=ea3a8d79513942b64294c38f62b16bf750a55f6f
8698578468,,0.0,EUR,,,woman/shoes,https://www.vinted.it/items/8698578468-converse-all-stars-maat-39?referrer=catalog,https://images1.vinted.net/t/06_01c78_ApkRQ2R45knkyE93TRDTUALQ/310x430/1776622564.webp?s=10b96f75c4da0f5a1d4ada78e60e65deb7a9f6f0
8697015747,,0.0,EUR,,,woman/shoes,https://www.vinted.it/items/8697015747-adidas-campus-groen?referrer=catalog,https://images1.vinted.net/t/05_00c3c_W9YtbmCjcu6RVqu3UbVvWQAY/310x430/1776615966.webp?s=a2e423e37097dc858bbe236ec6402c1978617571
8697250127,,0.0,EUR,,,woman/shoes,https://www.vinted.it/items/8697250127-adidas-sneaker?referrer=catalog,https://images1.vinted.net/t/06_01399_WL9zKH7Cs7LQMEWShZahtVpD/310x430/1776616870.webp?s=16d1f8c3e3046976eb2f83c65d941258ebe38bb5
8698712469,,0.0,EUR,,,woman/shoes,https://www.vinted.it/items/8698712469-nike-dunk-low-bordeaux?referrer=catalog,https://images1.vinted.net/t/05_00a2d_znWDpoVB2Hxvv3JXnCmLTd8a/310x430/1776623214.webp?s=48cbc838a36f23e05ace85e609b603b3221b7386
8695999461,,0.0,EUR,,,woman/shoes,https://www.vinted.it/items/8695999461-converse-all-star-bianche-n39-buone-condizioni?referrer=catalog,https://images1.vinted.net/t/05_0053d_dvM5rK889CntqnfDCGK9M5BG/310x430/1776612134.webp?s=8a856bce532ebbe899bb73d881aaaee42f7ae2ca
8695648105,,0.0,EUR,,,woman/shoes,https://www.vinted.it/items/8695648105-baskets-basic-02-le-temps-des-cerises-plateforme-blanches?referrer=catalog,https://images1.vinted.net/t/01_00385_gtHteCey3SqGpqAWnAzeuZpP/310x430/1776610797.webp?s=e8d65c3029c5d45fc7bfe5a3af181b3d7aebfe1a
8698042853,,0.0,EUR,,,woman/shoes,https://www.vinted.it/items/8698042853-nike-airforce-1?referrer=catalog,https://images1.vinted.net/t/06_02092_v2E3Ygz8T8CbP7GStcCYDUCq/310x430/1776620120.webp?s=69c709ddcf131190a3c284860cf7c0c0facd4954
8696225795,,0.0,EUR,,,woman/shoes,https://www.vinted.it/items/8696225795-basket-puma?referrer=catalog,https://images1.vinted.net/t/06_00536_EdtwegpdRnV3PrfjH1k1poNx/310x430/1776612988.webp?s=b8bf7727ade0d8054373825d08589b2ec304b49c
8699024558,,0.0,EUR,,,woman/shoes,https://www.vinted.it/items/8699024558-scarpe-donna?referrer=catalog,https://images1.vinted.net/t/06_01206_cy6McGCxjUSyUghR6xK1VBFd/310x430/1776624799.webp?s=cb566ffb8ff7a9e7d3d085698896add21b04f9a2
8697837353,,0.0,EUR,,,woman/shoes,https://www.vinted.it/items/8697837353-sabrina-catwalk-bege?referrer=catalog,https://images1.vinted.net/t/04_01732_Ro63UfqN386pCTaHu36ZSSG6/310x430/1776619234.webp?s=2550836ff88413f0cbd1b1d2fb921968198e486a
8697684122,,0.0,EUR,,,woman/shoes,https://www.vinted.it/items/8697684122-nike-air-force-1?referrer=catalog,https://images1.vinted.net/t/03_00afc_L7RA17YaH2yoS8iw2YebQtwK/310x430/1776618594.webp?s=de5a41328cb9be082bd0edda7b08a6a78b6a79b3
8696046904,,0.0,EUR,,,woman/shoes,https://www.vinted.it/items/8696046904-scarpe-da-corsa-kiprun?referrer=catalog,https://images1.vinted.net/t/06_01ad4_nJgjNtsdyHrMqTWCBxoPxpEK/310x430/1776612311.webp?s=c5abfd94a6bbebf4d8a17e5d4863c04171d512c7
8698261525,,0.0,EUR,,,woman/shoes,https://www.vinted.it/items/8698261525-zuecos?referrer=catalog,https://images1.vinted.net/t/06_023e1_UL9HZkuwaQDkCdNaXZen3e4Q/310x430/1776621089.webp?s=9785037d82043b376ed10c6b3e56cec0394ae05e
